Hastag,Post Count
cat,270000000
catlover,66610000
catsofinstagram,190000000
catlife,39290000
cats,140000000
catloversclub,11600000
catlovers,40550000
catlove,17560000
catstagram,98870000
catoftheday,38220000
catgram,4770000
catphoto,8478000
catmemes,2786000
cats_of_instagram,31650000
catinstagram,3755000
catvideos,1139000
catofinstagram,8150000
catscatscats,4295000
catnoir,1093000
cats_of_world,10690000
catselfie,2247000
catagram,2182000
catvideo,2054000
catlifestyle,1493000
catstocker,1490000
catstagramcat,1285000
catsagram,18780000
catmom,5079000
catphotography,4523000
caturday,12550000
catsofig,11530000
catolicos,2506000
catgirl,1394000
catlady,7512000
catsoftheworld,5350000
catering,16400000
cateyes,3800000
catalunya,11340000
catsoftheday,4508000
catholicchurch,1602000
cateye,3423000
catslover,7271000
instacat,61970000
catmodel,2004000
catsofworld,7474000
catvalentine,1283000
catart,1608000
cats_of_instworld,1900000
catolico,1444000
catholic,7151000
catsgram,3211000
cats_of_day,2828000
catsüê±,2291000
